Address,Name,Status,Category,Source File
0x80000400,entrypoint,Not Started,startup,
0x80000450,osCreateScheduler,Not Started,libultra_os,
0x800005D4,osScAddClient,Not Started,libultra_os,
0x8000063C,__scMain,Not Started,scheduler,
0x80000780,__scSchedule,Not Started,scheduler,
0x80000880,__scHandleRetrace,Not Started,scheduler,
0x80000950,__scHandleRSP,Not Started,scheduler,
0x80000ACC,__scHandleRDP,Not Started,scheduler,
0x80000BA4,__scTaskReady,Not Started,scheduler,
0x80000C54,__scExecTask,Not Started,scheduler,
0x80000D6C,__scAppendList,Not Started,scheduler,
0x80000E20,__scExec,Not Started,scheduler,
0x80000F88,__scHandlePreNMI,Not Started,scheduler,
0x80000FE8,__scScheduleCore,Not Started,scheduler,
0x80001350,viTickStart,Not Started,unknown,
0x800013C0,viEnableAccum,Not Started,unknown,
0x800013DC,viDisableAccum,Not Started,unknown,
0x800013F4,viUpdateTime,Not Started,unknown,
0x800014F0,viScheduleTick,Not Started,unknown,
0x8000153C,viAddTicks,Not Started,unknown,
0x80001578,viGetTimeToDeadline,Not Started,unknown,
0x800015BC,viDeadlinePassed,Not Started,unknown,
0x800015DC,viStub,Not Started,unknown,
0x800015F0,display_update,Decompiled,display,src/game/display.c
0x80001B44,viewport_setup,Decompiled,display,src/game/display.c
0x80001D60,display_mode_tick,Not Started,display,
0x80001DFC,get_tv_offset,Decompiled,unknown,src/game/display.c
0x80001E58,apply_display_mode,Not Started,display,
0x80001E84,get_viewport_pos,Decompiled,display,src/game/display.c
0x80001ECC,get_viewport_offset,Decompiled,display,src/game/display.c
0x80001F2C,update_viewport,Decompiled,display,src/game/display.c
0x800020F0,main,Decompiled,startup,src/game/init.c
0x800021A4,idle_thread_entry,Not Started,unknown,
0x80002238,game_init,Decompiled,startup,src/game/init.c
0x800024FC,audio_thread_entry,Not Started,unknown,
0x80002540,dma_queue_init,Decompiled,dma,src/util/dma.c
0x80002598,dma_wait,Decompiled,dma,src/util/dma.c
0x8000262C,dma_signal,Decompiled,dma,src/util/dma.c
0x80002660,lzss_decompress,Decompiled,inflate,src/util/dma.c
0x800026C0,inflate_decompress,Decompiled,inflate,src/util/dma.c
0x80002730,memchr,Decompiled,libc,src/libc/string.c
0x80002790,memset,Decompiled,libc,src/libc/string.c
0x800028A0,modf,Decompiled,libm,src/libm/math.c
0x80002A64,modff,Decompiled,libm,src/libm/math.c
0x80002BF0,__isinf,Decompiled,libm,src/libm/math.c
0x80002C60,__isnan,Decompiled,libm,src/libm/math.c
0x80002CD0,fcvt,Not Started,libm,
0x80003C3C,__ecvt_internal,Not Started,libm,
0x80004674,__round_helper,Not Started,libm,
0x80004878,inflate_needbits,Not Started,inflate,
0x80004990,inflate_getbits,Not Started,inflate,
0x800049F0,__setfpcsr,Not Started,unknown,
0x80004A10,inflate_io_wait,Not Started,inflate,
0x80004AFC,lzss_decode,Not Started,inflate,
0x80004D50,inflate_flush_window,Not Started,inflate,
0x80004D6C,huft_alloc,Decompiled,inflate,src/inflate/inflate.c
0x80004D98,huft_build,Decompiled,inflate,src/inflate/inflate.c
0x80005464,inflate_free_window,Not Started,inflate,
0x8000595C,inflate_stored,Decompiled,inflate,src/inflate/inflate.c
0x80005B7C,inflate_fixed,Decompiled,inflate,src/inflate/inflate.c
0x80005D44,inflate_dynamic,Decompiled,inflate,src/inflate/inflate.c
0x800064D4,inflate_block,Decompiled,inflate,src/inflate/inflate.c
0x80006678,inflate_loop,Decompiled,inflate,src/inflate/inflate.c
0x800066D4,inflate_read_bits,Not Started,inflate,
0x80006814,inflate_entry,Decompiled,inflate,src/inflate/inflate.c
0x8000697C,inflate_entry_alt,Decompiled,inflate,src/inflate/inflate.c
0x80006A00,osCreateMesgQueue,Decompiled,libultra_os,src/libultra/os_message.c
0x80006A30,osSetEventMesg,Decompiled,libultra_os,src/libultra/os_event.c
0x80006BB0,vi_manager_main,Not Started,unknown,
0x80006D40,osSetThreadPri,Decompiled,libultra_os,src/libultra/os_thread.c
0x80006DA0,osSetIntMask,Decompiled,libultra_os,src/libultra/os_thread.c
0x80006E10,osSetEventMesgAlt,Not Started,libultra_os,
0x80006ED0,osSetTimerIntr,Decompiled,libultra_os,src/libultra/os_timer.c
0x80006F30,osCreateThread,Not Started,libultra_os,
0x80007080,osStartThread,Decompiled,libultra_os,src/libultra/os_thread.c
0x800071D0,osSetGlobalIntMask,Not Started,libultra_os,
0x80007270,osRecvMesg,Decompiled,libultra_os,src/libultra/os_message.c
0x800073B0,osGetTime,Not Started,libultra_os,
0x80007440,osSendMesg,Decompiled,libultra_os,src/libultra/os_message.c
0x80007590,osViSetMode,Decompiled,libultra_os,src/libultra/os_vi.c
0x800075E0,osJamMesg,Decompiled,libultra_os,src/libultra/os_jam.c
0x80007730,osSpTaskYielded,Decompiled,libultra_os,src/libultra/os_sp_task.c
0x80007790,osViGetCurrentFramebuffer,Decompiled,libultra_os,src/libultra/os_vi.c
0x800077D0,osViGetFramebuffer,Decompiled,libultra_os,src/libultra/os_vi.c
0x80007810,osInvalICache,Decompiled,libultra_os,src/libultra/os_cache.c
0x80007840,osViModeTableGet,Not Started,libultra_os,
0x8000794C,osViModeNtscLan1,Not Started,libultra_os,
0x80007AB4,osViModeNtscLpn1,Not Started,libultra_os,
0x80007B00,osDpSetNextBuffer,Decompiled,libultra_os,src/libultra/os_dp.c
0x80007B80,osDpWait,Decompiled,libultra_os,src/libultra/os_dp.c
0x80007C00,strchr,Decompiled,libc,src/libc/string.c
0x80007C40,strlen,Decompiled,libc,src/libc/string.c
0x80007C68,memcpy,Decompiled,libc,src/libc/string.c
0x80007CA0,osWritebackDCache,Decompiled,libultra_os,src/libultra/os_cache.c
0x80007D20,osViSetSpecialFeatures,Decompiled,libultra_os,src/libultra/os_vi.c
0x80007E80,osSpTaskLoad,Not Started,libultra_os,
0x80008128,__osPiReadDeviceType,Not Started,libultra_os,
0x800081D0,osPiRawReadWord,Decompiled,libultra_os,src/libultra/os_pi.c
0x80008210,osCreatePiManager,Not Started,libultra_os,
0x80008380,osCreateViManager,Not Started,libultra_os,
0x80008460,osInvalICache,Decompiled,libultra_os,src/libultra/os_cache.c
0x800084E0,osInvalDCache,Decompiled,libultra_os,src/libultra/os_cache.c
0x80008590,bzero,Decompiled,libc,src/libultra/os_cache.c
0x80008630,__osPiRawStartDma,Not Started,libultra_os,
0x800086F0,osWritebackDCache,Decompiled,libultra_os,src/libultra/os_cache.c
0x8000870C,osWritebackDCacheAll,Not Started,libultra_os,
0x80008730,sinf,Decompiled,libm,src/libm/math.c
0x800088F0,cosf,Decompiled,libm,src/libm/math.c
0x80008A60,guOrthoF,Decompiled,libultra_gu,src/libultra/gu.c
0x80008BB4,guOrtho,Decompiled,libultra_gu,src/libultra/gu.c
0x80008C20,guPerspectiveF,Decompiled,libultra_gu,src/libultra/gu.c
0x80008E50,guPerspective,Decompiled,libultra_gu,src/libultra/gu.c
0x80008EB0,guLookAtF,Decompiled,libultra_gu,src/libultra/gu.c
0x80009168,guLookAt,Decompiled,libultra_gu,src/libultra/gu.c
0x800091E0,guMtxF2L,Decompiled,libultra_gu,src/game/matrix.c
0x800092E0,guMtxL2F,Decompiled,libultra_gu,src/game/matrix.c
0x80009394,guMtxIdentF,Decompiled,libultra_gu,src/game/matrix.c
0x8000941C,guMtxIdent,Decompiled,libultra_gu,src/game/matrix.c
0x80009450,__osContBuildPacket,Not Started,libultra_os,
0x800095AC,__osContGetStatus,Not Started,libultra_os,
0x80009658,__osContRamReset,Decompiled,libultra_os,src/libultra/os_cont.c
0x80009730,osContStartQuery,Decompiled,libultra_os,src/libultra/os_cont.c
0x800097AC,osContGetQuery,Decompiled,libultra_os,src/libultra/os_cont.c
0x800097D0,osContStartReadData2,Decompiled,libultra_os,src/libultra/os_cont.c
0x80009854,osContGetReadData,Decompiled,libultra_os,src/libultra/os_cont.c
0x800098E0,__osPackReadData,Not Started,libultra_os,
0x800099B0,osDpGetCounters,Decompiled,libultra_os,src/libultra/os_dp.c
0x800099F0,__fixdfdi,Not Started,libgcc,
0x80009A0C,__fixsfdi,Not Started,libgcc,
0x80009A28,__fixunsdfdi,Not Started,libgcc,
0x80009AC8,__fixunssfdi,Not Started,libgcc,
0x80009B64,__floatdidf,Not Started,libgcc,
0x80009B7C,__floatdisf,Not Started,libgcc,
0x80009B94,__floatundidf,Not Started,libgcc,
0x80009BC8,__floatundisf,Not Started,libgcc,
0x80009C00,osPhysicalToVirtual,Decompiled,libultra_os,src/libultra/os_misc.c
0x80009C10,osPfsInitPak,Not Started,libultra_os,
0x80009E18,__osTimerInterrupt,Not Started,libultra_os,
0x80009F20,osMotorInit,Not Started,libultra_os,
0x8000A088,__osMotorAccess,Not Started,libultra_os,
0x8000A194,osMotorStart,Not Started,libultra_os,
0x8000A2F0,osMotorStop,Not Started,libultra_os,
0x8000A350,osPfsAllocate,Not Started,libultra_os,
0x8000A520,osPfsDeleteFile,Not Started,libultra_os,
0x8000A700,osPfsRename,Not Started,libultra_os,
0x8000A8D8,osPfsFindFile,Not Started,libultra_os,
0x8000A970,osPfsReadWriteFile,Not Started,libultra_os,
0x8000ACA4,__osPfsDeclearPage,Not Started,libultra_os,
0x8000ADF0,osPfsGetFileStat,Not Started,libultra_os,
0x8000AEC4,osPfsGetFileSize,Not Started,libultra_os,
0x8000B240,osPfsFreeBlocks,Not Started,libultra_os,
0x8000B3E0,osPfsChecker,Not Started,libultra_os,
0x8000B918,__osPfsCheckPages,Not Started,libultra_os,
0x8000BBF0,__osPfsPageCheck,Not Started,libultra_os,
0x8000BD90,osPfsChecker,Not Started,libultra_os,
0x8000BE50,osPfsReAllocate,Not Started,libultra_os,
0x8000BE70,osAiSetNextBuffer,Decompiled,libultra_os,src/libultra/os_ai.c
0x8000BF00,osAiSetFrequency,Decompiled,libultra_os,src/libultra/os_ai.c
0x8000C050,dll_remove,Decompiled,timer_queue,src/os/dll.c
0x8000C090,dll_init,Decompiled,timer_queue,src/os/dll.c
0x8000C11C,dll_update,Decompiled,timer_queue,src/os/dll.c
0x8000C294,dll_reschedule,Decompiled,timer_queue,src/os/dll.c
0x8000C308,dll_insert,Decompiled,timer_queue,src/os/dll.c
0x8000C490,dll_get_priority,Decompiled,timer_queue,src/os/dll.c
0x8000C4B0,__osDisableInt,Decompiled,libultra_os,src/libultra/os_int.c
0x8000C520,__osRestoreInt,Decompiled,libultra_os,src/libultra/os_int.c
0x8000C540,osViInit,Decompiled,libultra_os,src/libultra/os_vi_mgr.c
0x8000C660,osGetActiveQueue,Decompiled,libultra_os,src/libultra/os_misc.c
0x8000C670,__osViSwapContext,Not Started,libultra_os,
0x8000C970,osGetCount,Decompiled,libultra_os,src/libultra/os_misc.c
0x8000C980,__osException,Not Started,libultra_os,
0x8000CEDC,dll_get_data,Not Started,timer_queue,
0x8000CFC4,dll_set_data,Not Started,timer_queue,
0x8000D0C4,__osEnqueueThread,Decompiled,libultra_os,src/libultra/os_queue.c
0x8000D10C,__osPopThread,Not Started,libultra_os,
0x8000D11C,__osDispatchThread,Not Started,libultra_os,
0x8000D2A0,bzero_alt,Not Started,unknown,
0x8000D2B0,bcopy,Decompiled,libc,src/libc/memory.c
0x8000D5C0,osVirtualToPhysical,Decompiled,libultra_os,src/libultra/os_misc.c
0x8000D640,__osSpSetStatus,Decompiled,libultra_os,src/libultra/os_sp.c
0x8000D650,__osSpSetPc,Decompiled,libultra_os,src/libultra/os_sp.c
0x8000D680,__osSpDma,Decompiled,libultra_os,src/libultra/os_sp.c
0x8000D710,__osSpDeviceBusy,Decompiled,libultra_os,src/libultra/os_sp.c
0x8000D740,osDpIsBusy,Decompiled,libultra_os,src/libultra/os_dp.c
0x8000D770,__osSetSR,Decompiled,libultra_os,src/libultra/os_cpu.c
0x8000D780,__osGetSR,Decompiled,libultra_os,src/libultra/os_cpu.c
0x8000D790,__osSetFpcCsr,Decompiled,libultra_os,src/libultra/os_cpu.c
0x8000D7A0,osPiReadIo,Decompiled,libultra_os,src/libultra/os_pi.c
0x8000D7F0,osPiWriteWord,Decompiled,libultra_os,src/libultra/os_pi.c
0x8000D840,__osTlbFlush,Not Started,libultra_os,
0x8000D890,__osTlbInit,Not Started,libultra_os,
0x8000D8F0,__lshrdi3,Not Started,libgcc,
0x8000D91C,__umoddi3,Not Started,libgcc,
0x8000D958,__udivdi3,Not Started,libgcc,
0x8000D994,__ashldi3,Not Started,libgcc,
0x8000D9C0,__osGetTimerValue,Not Started,libultra_os,
0x8000D9FC,__divdi3,Not Started,libgcc,
0x8000DA58,__muldi3,Not Started,libgcc,
0x8000DA88,__qdivrem,Not Started,libgcc,
0x8000DAE8,__moddi3,Not Started,libgcc,
0x8000DB84,__ashrdi3,Not Started,libgcc,
0x8000DBB0,osCauseGet,Not Started,libultra_os,
0x8000DBC0,osPiInit,Decompiled,libultra_os,src/libultra/os_pi.c
0x8000DC10,osPiGetAccess,Decompiled,libultra_os,src/libultra/os_pi.c
0x8000DC54,osPiReleaseAccess,Decompiled,libultra_os,src/libultra/os_pi.c
0x8000DC80,osPiReadWord,Decompiled,libultra_os,src/libultra/os_pi.c
0x8000DCD0,osPiStartDma,Decompiled,libultra_os,src/libultra/os_pi.c
0x8000DDA0,osPiSetDeviceTiming,Decompiled,libultra_os,src/libultra/os_pi.c
0x8000DF80,osSpTaskLoad,Not Started,libultra_os,
0x8000E390,__osInsertTimer,Not Started,libultra_os,
0x8000E3C0,sqrtf,Decompiled,libm,src/libm/math.c
0x8000E3D0,osSetTimer,Decompiled,libultra_os,src/libultra/os_timer.c
0x8000E4B0,__osSiRawStartDma,Decompiled,libultra_os,src/libultra/os_si.c
0x8000E560,osSiInit,Decompiled,libultra_os,src/libultra/os_si.c
0x8000E5B0,__osSiGetAccess,Decompiled,libultra_os,src/libultra/os_si.c
0x8000E5F4,__osSiRelAccess,Decompiled,libultra_os,src/libultra/os_si.c
0x8000E620,osContStartReadData,Decompiled,libultra_os,src/libultra/os_si.c
0x8000E6F0,__osContBuildRequest,Decompiled,libultra_os,src/libultra/os_si.c
0x8000E7B4,__osContParseResponse,Decompiled,libultra_os,src/libultra/os_si.c
0x8000E850,__osPfsSelectBank,Not Started,libultra_os,
0x8000E8D0,__osContRamRead,Not Started,libultra_os,
0x8000EA98,__osContRamWrite,Not Started,libultra_os,
0x8000EB00,__osSumcalc,Decompiled,libultra_os,src/util/checksum.c
0x8000EB74,__osIdCheckSum,Decompiled,libultra_os,src/util/checksum.c
0x8000EC70,__osRepairId,Not Started,libultra_os,
0x8000EFC0,__osCheckId,Not Started,libultra_os,
0x8000F124,__osGetId,Not Started,libultra_os,
0x8000F2D0,osPfsReadWriteFile,Not Started,libultra_os,
0x8000F3A4,osPfsFileState,Not Started,libultra_os,
0x8000F9F0,__osContAddressCrc,Not Started,libultra_os,
0x8000FA4C,__osContDataCrc,Not Started,libultra_os,
0x8000FB90,__osSetCompare,Not Started,libultra_os,
0x800140B0,func_800140B0,Not Started,unknown,
0x80087068,func_80087068,Not Started,game_code,
0x80087118,func_80087118,Not Started,game_code,
0x800878EC,func_800878EC,Not Started,game_code,
0x80087A08,func_80087A08,Not Started,game_code,
0x8008A398,func_8008A398,Not Started,game_code,
0x8008A474,func_8008A474,Not Started,game_code,
0x8008A650,func_8008A650,Not Started,game_code,
0x8008A6D0,func_8008A6D0,Not Started,game_code,
0x8008A710,func_8008A710,Not Started,game_code,
0x8008A750,func_8008A750,Not Started,game_code,
0x8008A77C,func_8008A77C,Not Started,game_code,
0x8008AA20,func_8008AA20,Not Started,game_code,
0x8008AA40,func_8008AA40,Not Started,game_code,
0x8008ABF4,func_8008ABF4,Not Started,game_code,
0x8008AC74,func_8008AC74,Not Started,game_code,
0x8008AD48,func_8008AD48,Not Started,game_code,
0x8008AE8C,func_8008AE8C,Not Started,game_code,
0x8008B0D8,func_8008B0D8,Not Started,game_code,
0x8008B26C,func_8008B26C,Not Started,game_code,
0x8008B474,func_8008B474,Not Started,game_code,
0x8008B4C4,func_8008B4C4,Not Started,game_code,
0x8008B660,func_8008B660,Not Started,game_code,
0x8008B69C,Car_UpdatePosVel_A,Not Started,game_code,
0x8008B964,Car_UpdatePosVel_B,Not Started,game_code,
0x8008BA84,Car_UpdatePosVel_C,Not Started,game_code,
0x8008BB8C,Car_UpdatePosVel_D,Not Started,game_code,
0x8008BC94,Car_UpdatePosVel_E,Not Started,game_code,
0x8008BD9C,Car_UpdatePosVel_F,Not Started,game_code,
0x8008C688,func_8008C688,Not Started,game_code,
0x8008C724,func_8008C724,Not Started,game_code,
0x8008C76C,func_8008C76C,Not Started,game_code,
0x8008C884,Car_UpdatePosVel_G,Not Started,game_code,
0x8008D120,Car_UpdatePosVel_H,Not Started,game_code,
0x8008D714,func_8008D714,Not Started,game_code,
0x8008D764,func_8008D764,Not Started,game_code,
0x8008D8D8,func_8008D8D8,Not Started,game_code,
0x8008D93C,Car_UpdatePosVel_I,Not Started,game_code,
0x8008E0C8,func_8008E0C8,Not Started,game_code,
0x8008E19C,func_8008E19C,Not Started,game_code,
0x8008E280,func_8008E280,Not Started,game_code,
0x8008E398,Car_UpdateVelOnly_A,Not Started,game_code,
0x8008E440,func_8008E440,Not Started,game_code,
0x8008EA10,Car_UpdatePosVel_J,Not Started,game_code,
0x80090088,func_80090088,Not Started,game_code,
0x80090228,func_80090228,Not Started,game_code,
0x80090254,func_80090254,Not Started,game_code,
0x80090310,Car_UpdatePosVel_K,Not Started,game_code,
0x8009079C,func_8009079C,Not Started,game_code,
0x800908A0,Car_UpdatePosVel_L,Not Started,game_code,
0x80090B70,Car_FlagVel_Handler_A,Not Started,game_code,
0x80090EA4,func_80090EA4,Not Started,game_code,
0x80090F4C,func_80090F4C,Not Started,game_code,
0x80090FEC,Car_FlagPosVel_Handler_B,Not Started,game_code,
0x80091874,Car_UpdatePosVel_M,Not Started,game_code,
0x80091C04,func_80091C04,Not Started,game_code,
0x80091CA4,func_80091CA4,Not Started,game_code,
0x80091E5C,func_80091E5C,Not Started,game_code,
0x80091F34,func_80091F34,Not Started,game_code,
0x8009229C,func_8009229C,Not Started,game_code,
0x80092360,func_80092360,Not Started,game_code,
0x800924F4,Car_UpdatePosVel_N,Not Started,game_code,
0x80092C58,func_80092C58,Not Started,game_code,
0x80092E2C,func_80092E2C,Not Started,game_code,
0x800930A4,Car_UpdatePosVel_O,Not Started,game_code,
0x80093B20,Car_FlagPosVel_Handler_C,Not Started,game_code,
0x80094890,func_80094890,Not Started,game_code,
0x80094A54,func_80094A54,Not Started,game_code,
0x80094C30,func_80094C30,Not Started,game_code,
0x80094D20,Input_SetPadEnabledFlag,Decompiled,game_code,src/game/input.c
0x80094D68,Input_SetPadSecondaryFlag,Decompiled,game_code,src/game/input.c
0x80094DB0,Input_ConfigRepeatTimers,Decompiled,game_code,src/game/input.c
0x80094E00,Input_SetAnalogBounds,Decompiled,game_code,src/game/input.c
0x80094E8C,Input_InitPadHandlers,Not Started,game_code,
0x80094EC8,Input_ApplyPadConfig,Not Started,game_code,
0x80094F88,func_80094F88,Not Started,game_code,
0x80094FF0,func_80094FF0,Not Started,game_code,
0x8009508C,func_8009508C,Not Started,game_code,
0x80095120,func_80095120,Not Started,game_code,
0x8009515C,func_8009515C,Not Started,game_code,
0x800951E0,func_800951E0,Not Started,game_code,
0x80095360,func_80095360,Not Started,game_code,
0x800953CC,func_800953CC,Not Started,game_code,
0x800954A8,func_800954A8,Not Started,game_code,
0x80095528,func_80095528,Not Started,game_code,
0x8009570C,func_8009570C,Not Started,game_code,
0x80095800,func_80095800,Not Started,game_code,
0x80095924,func_80095924,Not Started,game_code,
0x80095960,func_80095960,Not Started,game_code,
0x800959DC,func_800959DC,Not Started,game_code,
0x80095A24,func_80095A24,Not Started,game_code,
0x80095B10,func_80095B10,Not Started,game_code,
0x80095BFC,func_80095BFC,Not Started,game_code,
0x80095D04,func_80095D04,Not Started,game_code,
0x80095FD8,func_80095FD8,Not Started,game_code,
0x800960D4,func_800960D4,Not Started,game_code,
0x8009614C,func_8009614C,Not Started,game_code,
0x80096240,func_80096240,Not Started,game_code,
0x80096298,func_80096298,Not Started,game_code,
0x800962D4,func_800962D4,Not Started,game_code,
0x8009638C,func_8009638C,Not Started,game_code,
0x800963E8,func_800963E8,Not Started,game_code,
0x800965BC,func_800965BC,Not Started,game_code,
0x80096734,func_80096734,Not Started,game_code,
0x80096A00,func_80096A00,Not Started,game_code,
0x80096B5C,func_80096B5C,Not Started,game_code,
0x80096CC4,func_80096CC4,Not Started,game_code,
0x80097184,func_80097184,Not Started,game_code,
0x8009731C,func_8009731C,Not Started,game_code,
0x80097384,func_80097384,Not Started,game_code,
0x80097470,func_80097470,Not Started,game_code,
0x800974EC,func_800974EC,Not Started,game_code,
0x80097798,func_80097798,Not Started,game_code,
0x800979A8,func_800979A8,Not Started,game_code,
0x80097AFC,func_80097AFC,Not Started,game_code,
0x80097CA0,camera_transform,Not Started,game_code,
0x80098554,func_80098554,Not Started,game_code,
0x80098574,func_80098574,Not Started,game_code,
0x800985F4,func_800985F4,Not Started,game_code,
0x80098620,func_80098620,Not Started,game_code,
0x800986B0,func_800986B0,Not Started,game_code,
0x800987E8,func_800987E8,Not Started,game_code,
0x80098874,func_80098874,Not Started,game_code,
0x800988E0,func_800988E0,Not Started,game_code,
0x80098AE4,func_80098AE4,Not Started,game_code,
0x80098FC0,func_80098FC0,Not Started,game_code,
0x800992AC,func_800992AC,Not Started,game_code,
0x80099BFC,func_80099BFC,Not Started,game_code,
0x8009C5BC,func_8009C5BC,Not Started,game_code,
0x8009C5E0,func_8009C5E0,Not Started,game_code,
0x8009C8F0,func_8009C8F0,Not Started,game_code,
0x8009DC50,func_8009DC50,Not Started,game_code,
0x8009DD18,func_8009DD18,Not Started,game_code,
0x8009DD88,func_8009DD88,Not Started,game_code,
0x8009EA70,func_8009EA70,Not Started,game_code,
0x8009EB18,func_8009EB18,Not Started,game_code,
0x8009EBC0,func_8009EBC0,Not Started,game_code,
0x8009F064,func_8009F064,Not Started,game_code,
0x800A0000,func_800A0000,Not Started,game_code,
0x800A04C4,func_800A04C4,Not Started,game_code,
0x800A0800,func_800A0800,Not Started,game_code,
0x800A0F74,func_800A0F74,Not Started,game_code,
0x800A0FDC,func_800A0FDC,Not Started,game_code,
0x800A1000,func_800A1000,Not Started,game_code,
0x800A11E4,func_800A11E4,Not Started,game_code,
0x800A1244,func_800A1244,Not Started,game_code,
0x800A12D4,func_800A12D4,Not Started,game_code,
0x800A133C,func_800A133C,Not Started,game_code,
0x800A13E8,func_800A13E8,Not Started,game_code,
0x800A1648,func_800A1648,Not Started,game_code,
0x800A1800,func_800A1800,Not Started,game_code,
0x800A1A60,func_800A1A60,Not Started,game_code,
0x800A1F18,func_800A1F18,Not Started,game_code,
0x800A21A4,func_800A21A4,Not Started,game_code,
0x800A2378,func_800A2378,Not Started,game_code,
0x800A2504,func_800A2504,Not Started,game_code,
0x800A25C0,func_800A25C0,Not Started,game_code,
0x800A2680,Car_UpdatePosVel_P,Not Started,game_code,
0x800A2990,func_800A2990,Not Started,game_code,
0x800A2CE4,func_800A2CE4,Not Started,game_code,
0x800A2D0C,func_800A2D0C,Not Started,game_code,
0x800A2D4C,func_800A2D4C,Not Started,game_code,
0x800A3654,func_800A3654,Not Started,game_code,
0x800A373C,func_800A373C,Not Started,game_code,
0x800A377C,func_800A377C,Not Started,game_code,
0x800A4508,func_800A4508,Not Started,game_code,
0x800A4940,func_800A4940,Not Started,game_code,
0x800A4AC4,func_800A4AC4,Not Started,game_code,
0x800A4B48,func_800A4B48,Not Started,game_code,
0x800A4B6C,func_800A4B6C,Not Started,game_code,
0x800A4C54,func_800A4C54,Not Started,game_code,
0x800A4CC0,func_800A4CC0,Not Started,game_code,
0x800A4E60,func_800A4E60,Not Started,game_code,
0x800A501C,func_800A501C,Not Started,game_code,
0x800A511C,func_800A511C,Not Started,game_code,
0x800A5160,func_800A5160,Not Started,game_code,
0x800A51E0,func_800A51E0,Not Started,game_code,
0x800A5588,func_800A5588,Not Started,game_code,
0x800A5744,func_800A5744,Not Started,game_code,
0x800A5908,func_800A5908,Not Started,game_code,
0x800A5A74,func_800A5A74,Not Started,game_code,
0x800A5B60,func_800A5B60,Not Started,game_code,
0x800A5BB8,func_800A5BB8,Not Started,game_code,
0x800A5D34,func_800A5D34,Not Started,game_code,
0x800A6094,func_800A6094,Not Started,game_code,
0x800A6244,func_800A6244,Not Started,game_code,
0x800A6404,func_800A6404,Not Started,game_code,
0x800A6BE4,func_800A6BE4,Not Started,game_code,
0x800A78C8,func_800A78C8,Not Started,game_code,
0x800A7A10,Input_AllocPadSlot,Not Started,game_code,
0x800A7AE4,func_800A7AE4,Not Started,game_code,
0x800A7C9C,func_800A7C9C,Not Started,game_code,
0x800A7D88,func_800A7D88,Not Started,game_code,
0x800A7DF0,func_800A7DF0,Not Started,game_code,
0x800A80D0,func_800A80D0,Not Started,game_code,
0x800A8D9C,func_800A8D9C,Not Started,game_code,
0x800A8F64,func_800A8F64,Not Started,game_code,
0x800A9390,func_800A9390,Not Started,game_code,
0x800A99C8,func_800A99C8,Not Started,game_code,
0x800AA454,func_800AA454,Not Started,game_code,
0x800AA708,func_800AA708,Not Started,game_code,
0x800AAB44,func_800AAB44,Not Started,game_code,
0x800AAE68,func_800AAE68,Not Started,game_code,
0x800AB544,func_800AB544,Not Started,game_code,
0x800AB70C,func_800AB70C,Not Started,game_code,
0x800AB758,func_800AB758,Not Started,game_code,
0x800AB7D8,func_800AB7D8,Not Started,game_code,
0x800ABBD0,func_800ABBD0,Not Started,game_code,
0x800ABCC8,func_800ABCC8,Not Started,game_code,
0x800AC3D8,func_800AC3D8,Not Started,game_code,
0x800AC668,func_800AC668,Not Started,game_code,
0x800AC6F4,func_800AC6F4,Not Started,game_code,
0x800AC75C,func_800AC75C,Not Started,game_code,
0x800AC820,func_800AC820,Not Started,game_code,
0x800AC840,func_800AC840,Not Started,game_code,
0x800AC898,func_800AC898,Not Started,game_code,
0x800ACA9C,func_800ACA9C,Not Started,game_code,
0x800ACB74,func_800ACB74,Not Started,game_code,
0x800ACC18,func_800ACC18,Not Started,game_code,
0x800AD008,func_800AD008,Not Started,game_code,
0x800AD0A0,func_800AD0A0,Not Started,game_code,
0x800AD128,func_800AD128,Not Started,game_code,
0x800AD734,func_800AD734,Not Started,game_code,
0x800ADD58,func_800ADD58,Not Started,game_code,
0x800AEB54,func_800AEB54,Not Started,game_code,
0x800AED2C,func_800AED2C,Not Started,game_code,
0x800AED64,func_800AED64,Not Started,game_code,
0x800AEFE8,func_800AEFE8,Not Started,game_code,
0x800AF06C,func_800AF06C,Not Started,game_code,
0x800AF51C,func_800AF51C,Not Started,game_code,
0x800AF5E0,func_800AF5E0,Not Started,game_code,
0x800AF690,func_800AF690,Not Started,game_code,
0x800AF8CC,func_800AF8CC,Not Started,game_code,
0x800AFB38,func_800AFB38,Not Started,game_code,
0x800AFD5C,func_800AFD5C,Not Started,game_code,
0x800B0180,func_800B0180,Not Started,game_code,
0x800B0550,func_800B0550,Not Started,game_code,
0x800B0580,func_800B0580,Not Started,game_code,
0x800B0618,func_800B0618,Not Started,game_code,
0x800B066C,func_800B066C,Not Started,game_code,
0x800B0868,PhysicsObjectList_Update,Not Started,game_code,
0x800B0870,func_800B0870,Not Started,game_code,
0x800B0904,func_800B0904,Not Started,game_code,
0x800B0A90,func_800B0A90,Not Started,game_code,
0x800B0C48,func_800B0C48,Not Started,game_code,
0x800B0F68,func_800B0F68,Not Started,game_code,
0x800B10D4,func_800B10D4,Not Started,game_code,
0x800B15B4,func_800B15B4,Not Started,game_code,
0x800B1B48,func_800B1B48,Not Started,game_code,
0x800B1F44,func_800B1F44,Not Started,game_code,
0x800B200C,func_800B200C,Not Started,game_code,
0x800B24EC,func_800B24EC,Not Started,game_code,
0x800B2658,func_800B2658,Not Started,game_code,
0x800B2828,func_800B2828,Not Started,game_code,
0x800B2928,func_800B2928,Not Started,game_code,
0x800B2D20,func_800B2D20,Not Started,game_code,
0x800B2DF8,func_800B2DF8,Not Started,game_code,
0x800B338C,func_800B338C,Not Started,game_code,
0x800B358C,func_800B358C,Not Started,game_code,
0x800B3590,Input_RegisterActivePad,Not Started,game_code,
0x800B362C,func_800B362C,Not Started,game_code,
0x800B3710,func_800B3710,Not Started,game_code,
0x800B37E8,func_800B37E8,Not Started,game_code,
0x800B39BC,func_800B39BC,Not Started,game_code,
0x800B3B4C,func_800B3B4C,Not Started,game_code,
0x800B3D20,func_800B3D20,Not Started,game_code,
0x800B3F00,func_800B3F00,Not Started,game_code,
0x800B3F28,func_800B3F28,Not Started,game_code,
0x800B3F50,func_800B3F50,Not Started,game_code,
0x800B3FA4,func_800B3FA4,Not Started,game_code,
0x800B41C0,func_800B41C0,Not Started,game_code,
0x800B4208,func_800B4208,Not Started,game_code,
0x800B42F0,func_800B42F0,Not Started,game_code,
0x800B4360,func_800B4360,Not Started,game_code,
0x800B438C,func_800B438C,Not Started,game_code,
0x800B45BC,func_800B45BC,Not Started,game_code,
0x800B4738,func_800B4738,Not Started,game_code,
0x800B4818,func_800B4818,Not Started,game_code,
0x800B4B94,func_800B4B94,Not Started,game_code,
0x800B4DAC,func_800B4DAC,Not Started,game_code,
0x800B4E70,func_800B4E70,Not Started,game_code,
0x800B4FB0,func_800B4FB0,Not Started,game_code,
0x800B557C,func_800B557C,Not Started,game_code,
0x800B55FC,func_800B55FC,Not Started,game_code,
0x800B5694,func_800B5694,Not Started,game_code,
0x800B574C,func_800B574C,Not Started,game_code,
0x800B58A0,func_800B58A0,Not Started,game_code,
0x800B5948,func_800B5948,Not Started,game_code,
0x800B59F8,func_800B59F8,Not Started,game_code,
0x800B5F4C,func_800B5F4C,Not Started,game_code,
0x800B5F88,func_800B5F88,Not Started,game_code,
0x800B5FC4,func_800B5FC4,Not Started,game_code,
0x800B6024,func_800B6024,Not Started,game_code,
0x800B6138,func_800B6138,Not Started,game_code,
0x800B61B0,func_800B61B0,Not Started,game_code,
0x800B61FC,func_800B61FC,Not Started,game_code,
0x800B65B8,func_800B65B8,Not Started,game_code,
0x800B6788,func_800B6788,Not Started,game_code,
0x800B6BEC,func_800B6BEC,Not Started,game_code,
0x800B7128,func_800B7128,Not Started,game_code,
0x800B7170,func_800B7170,Not Started,game_code,
0x800B71A0,func_800B71A0,Not Started,game_code,
0x800B71DC,func_800B71DC,Not Started,game_code,
0x800B7440,func_800B7440,Not Started,game_code,
0x800B74A0,func_800B74A0,Not Started,game_code,
0x800B78F8,func_800B78F8,Not Started,game_code,
0x800B7A40,func_800B7A40,Not Started,game_code,
0x800B8000,func_800B8000,Not Started,game_code,
0x800B811C,Effects_UpdateEmitters,Not Started,game_code,
0x800B821C,func_800B821C,Not Started,game_code,
0x800B82C8,func_800B82C8,Not Started,game_code,
0x800B8374,func_800B8374,Not Started,game_code,
0x800B8650,func_800B8650,Not Started,game_code,
0x800B8820,func_800B8820,Not Started,game_code,
0x800B8C14,func_800B8C14,Not Started,game_code,
0x800B9000,func_800B9000,Not Started,game_code,
0x800B9130,func_800B9130,Not Started,game_code,
0x800B9194,func_800B9194,Not Started,game_code,
0x800B93A8,func_800B93A8,Not Started,game_code,
0x800B9400,func_800B9400,Not Started,game_code,
0x800B9774,func_800B9774,Not Started,game_code,
0x800B9A0C,func_800B9A0C,Not Started,game_code,
0x800B9D68,func_800B9D68,Not Started,game_code,
0x800BA000,func_800BA000,Not Started,game_code,
0x800BA00C,func_800BA00C,Not Started,game_code,
0x800BA2E8,func_800BA2E8,Not Started,game_code,
0x800BA46C,func_800BA46C,Not Started,game_code,
0x800BA644,func_800BA644,Not Started,game_code,
0x800BA7C4,func_800BA7C4,Not Started,game_code,
0x800BA800,func_800BA800,Not Started,game_code,
0x800BAAA0,func_800BAAA0,Not Started,game_code,
0x800BAD58,func_800BAD58,Not Started,game_code,
0x800BADE0,func_800BADE0,Not Started,game_code,
0x800BAE24,physics_calc,Not Started,game_code,
0x800BAF64,func_800BAF64,Not Started,game_code,
0x800BAF98,func_800BAF98,Not Started,game_code,
0x800BB000,func_800BB000,Not Started,game_code,
0x800BB044,func_800BB044,Decompiled,game_code,src/game/collision.c
0x800BB140,func_800BB140,Decompiled,game_code,src/game/collision.c
0x800BB400,func_800BB400,Not Started,game_code,
0x800BB69C,func_800BB69C,Decompiled,game_code,src/game/collision.c
0x800BB800,func_800BB800,Not Started,game_code,
0x800BB834,func_800BB834,Decompiled,game_code,src/game/collision.c
0x800BB9BC,func_800BB9BC,Decompiled,game_code,src/game/collision.c
0x800BBC00,func_800BBC00,Not Started,game_code,
0x800BC1E8,func_800BC1E8,Not Started,game_code,
0x800BC2BC,func_800BC2BC,Not Started,game_code,
0x800BCBB8,func_800BCBB8,Not Started,game_code,
0x800BCEE4,func_800BCEE4,Not Started,game_code,
0x800BD104,func_800BD104,Not Started,game_code,
0x800BD2C8,func_800BD2C8,Not Started,game_code,
0x800BD2D0,func_800BD2D0,Not Started,game_code,
0x800BDAA8,func_800BDAA8,Not Started,game_code,
0x800BDDFC,func_800BDDFC,Not Started,game_code,
0x800BDEBC,func_800BDEBC,Not Started,game_code,
0x800BE078,func_800BE078,Not Started,game_code,
0x800BE4B4,func_800BE4B4,Not Started,game_code,
0x800BE4F8,func_800BE4F8,Not Started,game_code,
0x800BE7BC,func_800BE7BC,Not Started,game_code,
0x800BE9A0,func_800BE9A0,Not Started,game_code,
0x800BE9E8,func_800BE9E8,Not Started,game_code,
0x800BEAA0,func_800BEAA0,Not Started,game_code,
0x800BEE2C,func_800BEE2C,Not Started,game_code,
0x800BF024,func_800BF024,Not Started,game_code,
0x800BF0A4,func_800BF0A4,Not Started,game_code,
0x800BF148,func_800BF148,Not Started,game_code,
0x800BF1C8,func_800BF1C8,Not Started,game_code,
0x800BF2B8,func_800BF2B8,Not Started,game_code,
0x800BF394,func_800BF394,Not Started,game_code,
0x800BF45C,func_800BF45C,Not Started,game_code,
0x800BF838,func_800BF838,Not Started,game_code,
0x800BFBEC,func_800BFBEC,Not Started,game_code,
0x800BFD68,func_800BFD68,Not Started,game_code,
0x800BFD94,func_800BFD94,Not Started,game_code,
0x800C0000,func_800C0000,Not Started,game_code,
0x800C00E0,func_800C00E0,Not Started,game_code,
0x800C02A0,func_800C02A0,Not Started,game_code,
0x800C04CC,func_800C04CC,Not Started,game_code,
0x800C085C,func_800C085C,Not Started,game_code,
0x800C0AC0,func_800C0AC0,Not Started,game_code,
0x800C1604,func_800C1604,Not Started,game_code,
0x800C1B8C,func_800C1B8C,Not Started,game_code,
0x800C2020,func_800C2020,Not Started,game_code,
0x800C2228,func_800C2228,Not Started,game_code,
0x800C244C,func_800C244C,Not Started,game_code,
0x800C26E0,func_800C26E0,Not Started,game_code,
0x800C2960,func_800C2960,Not Started,game_code,
0x800C2BE0,func_800C2BE0,Not Started,game_code,
0x800C3594,func_800C3594,Not Started,game_code,
0x800C3614,func_800C3614,Not Started,game_code,
0x800C36A0,func_800C36A0,Not Started,game_code,
0x800C3AD0,func_800C3AD0,Not Started,game_code,
0x800C40F8,func_800C40F8,Not Started,game_code,
0x800C4180,func_800C4180,Not Started,game_code,
0x800C4200,func_800C4200,Not Started,game_code,
0x800C46D0,func_800C46D0,Not Started,game_code,
0x800C4CF8,func_800C4CF8,Not Started,game_code,
0x800C4F68,func_800C4F68,Not Started,game_code,
0x800C5500,func_800C5500,Not Started,game_code,
0x800C55E4,func_800C55E4,Not Started,game_code,
0x800C5644,func_800C5644,Not Started,game_code,
0x800C6404,func_800C6404,Not Started,game_code,
0x800C69C0,func_800C69C0,Not Started,game_code,
0x800C6AA0,func_800C6AA0,Not Started,game_code,
0x800C70BC,func_800C70BC,Not Started,game_code,
0x800C7110,func_800C7110,Not Started,game_code,
0x800C7308,func_800C7308,Not Started,game_code,
0x800C734C,func_800C734C,Not Started,game_code,
0x800C7578,func_800C7578,Not Started,game_code,
0x800C760C,func_800C760C,Not Started,game_code,
0x800C7818,func_800C7818,Not Started,game_code,
0x800C7ED4,func_800C7ED4,Not Started,game_code,
0x800C813C,func_800C813C,Not Started,game_code,
0x800C84FC,func_800C84FC,Not Started,game_code,
0x800C85F0,checkpoint_check,Not Started,game_code,
0x800C878C,func_800C878C,Not Started,game_code,
0x800C87F4,func_800C87F4,Not Started,game_code,
0x800C8864,func_800C8864,Not Started,game_code,
0x800C8920,func_800C8920,Not Started,game_code,
0x800C8B8C,func_800C8B8C,Not Started,game_code,
0x800C8FA4,func_800C8FA4,Not Started,game_code,
0x800C90E0,func_800C90E0,Not Started,game_code,
0x800C9194,func_800C9194,Not Started,game_code,
0x800C9210,func_800C9210,Not Started,game_code,
0x800C92DC,func_800C92DC,Not Started,game_code,
0x800C9334,func_800C9334,Not Started,game_code,
0x800C937C,func_800C937C,Not Started,game_code,
0x800C93AC,func_800C93AC,Not Started,game_code,
0x800C9404,func_800C9404,Not Started,game_code,
0x800C9480,func_800C9480,Not Started,game_code,
0x800C9530,func_800C9530,Not Started,game_code,
0x800C95DC,func_800C95DC,Not Started,game_code,
0x800C997C,func_800C997C,Not Started,game_code,
0x800C9AE0,func_800C9AE0,Not Started,game_code,
0x800C9BE0,func_800C9BE0,Not Started,game_code,
0x800CA300,func_800CA300,Not Started,game_code,
0x800CA308,func_800CA308,Not Started,game_code,
0x800CA3B4,func_800CA3B4,Not Started,game_code,
0x800CADA4,func_800CADA4,Not Started,game_code,
0x800CB748,func_800CB748,Not Started,game_code,
0x800CB9A0,func_800CB9A0,Not Started,game_code,
0x800CB9D0,func_800CB9D0,Not Started,game_code,
0x800CBBD4,func_800CBBD4,Not Started,game_code,
0x800CBE08,func_800CBE08,Not Started,game_code,
0x800CBE8C,func_800CBE8C,Not Started,game_code,
0x800CBF2C,func_800CBF2C,Not Started,game_code,
0x800CC040,func_800CC040,Not Started,game_code,
0x800CC3C0,func_800CC3C0,Not Started,game_code,
0x800CC540,func_800CC540,Not Started,game_code,
0x800CC804,func_800CC804,Not Started,game_code,
0x800CC848,func_800CC848,Not Started,game_code,
0x800CC8C8,func_800CC8C8,Not Started,game_code,
0x800CCA04,func_800CCA04,Not Started,game_code,
0x800CCCCC,func_800CCCCC,Not Started,game_code,
0x800CCE5C,func_800CCE5C,Not Started,game_code,
0x800CCEFC,func_800CCEFC,Not Started,game_code,
0x800CD058,func_800CD058,Not Started,game_code,
0x800CD104,func_800CD104,Not Started,game_code,
0x800CD544,func_800CD544,Not Started,game_code,
0x800CD6E0,func_800CD6E0,Not Started,game_code,
0x800CD748,func_800CD748,Not Started,game_code,
0x800CD798,func_800CD798,Not Started,game_code,
0x800CD8EC,func_800CD8EC,Not Started,game_code,
0x800CDA90,func_800CDA90,Not Started,game_code,
0x800CDAE0,func_800CDAE0,Not Started,game_code,
0x800CDCAC,func_800CDCAC,Not Started,game_code,
0x800CDEEC,func_800CDEEC,Not Started,game_code,
0x800CE1EC,func_800CE1EC,Not Started,game_code,
0x800CE358,func_800CE358,Not Started,game_code,
0x800CED3C,func_800CED3C,Not Started,game_code,
0x800CF06C,func_800CF06C,Not Started,game_code,
0x800CF290,func_800CF290,Not Started,game_code,
0x800CF374,func_800CF374,Not Started,game_code,
0x800CF69C,func_800CF69C,Not Started,game_code,
0x800CFE74,func_800CFE74,Not Started,game_code,
0x800D000C,func_800D000C,Not Started,game_code,
0x800D03DC,func_800D03DC,Not Started,game_code,
0x800D0424,func_800D0424,Not Started,game_code,
0x800D08E4,func_800D08E4,Not Started,game_code,
0x800D0BA0,func_800D0BA0,Not Started,game_code,
0x800D1004,func_800D1004,Not Started,game_code,
0x800D11BC,func_800D11BC,Not Started,game_code,
0x800D1248,func_800D1248,Not Started,game_code,
0x800D138C,func_800D138C,Not Started,game_code,
0x800D16B0,func_800D16B0,Not Started,game_code,
0x800D18E4,func_800D18E4,Not Started,game_code,
0x800D197C,func_800D197C,Not Started,game_code,
0x800D1AB8,func_800D1AB8,Not Started,game_code,
0x800D1CE0,func_800D1CE0,Not Started,game_code,
0x800D2488,func_800D2488,Not Started,game_code,
0x800D24C8,func_800D24C8,Not Started,game_code,
0x800D2928,func_800D2928,Not Started,game_code,
0x800D2A74,func_800D2A74,Not Started,game_code,
0x800D2C2C,func_800D2C2C,Not Started,game_code,
0x800D2CDC,func_800D2CDC,Not Started,game_code,
0x800D2DCC,func_800D2DCC,Not Started,game_code,
0x800D2E94,func_800D2E94,Not Started,game_code,
0x800D2FA8,func_800D2FA8,Not Started,game_code,
0x800D3430,func_800D3430,Not Started,game_code,
0x800D349C,func_800D349C,Not Started,game_code,
0x800D3B28,func_800D3B28,Not Started,game_code,
0x800D4DFC,func_800D4DFC,Not Started,game_code,
0x800D4EF4,func_800D4EF4,Not Started,game_code,
0x800D5050,func_800D5050,Not Started,game_code,
0x800D510C,func_800D510C,Not Started,game_code,
0x800D52D4,func_800D52D4,Not Started,game_code,
0x800D5374,func_800D5374,Not Started,game_code,
0x800D54E0,func_800D54E0,Not Started,game_code,
0x800D5524,func_800D5524,Not Started,game_code,
0x800D5798,func_800D5798,Not Started,game_code,
0x800D5834,func_800D5834,Not Started,game_code,
0x800D5894,func_800D5894,Not Started,game_code,
0x800D58CC,func_800D58CC,Not Started,game_code,
0x800D5A04,func_800D5A04,Not Started,game_code,
0x800D5BB0,func_800D5BB0,Not Started,game_code,
0x800D5C90,func_800D5C90,Not Started,game_code,
0x800D5E64,func_800D5E64,Not Started,game_code,
0x800D60B4,func_800D60B4,Not Started,game_code,
0x800D616C,func_800D616C,Not Started,game_code,
0x800D6290,func_800D6290,Not Started,game_code,
0x800D62EC,func_800D62EC,Not Started,game_code,
0x800D6348,func_800D6348,Not Started,game_code,
0x800D63C4,func_800D63C4,Not Started,game_code,
0x800D63F4,func_800D63F4,Not Started,game_code,
0x800D6530,func_800D6530,Not Started,game_code,
0x800D6698,func_800D6698,Not Started,game_code,
0x800D67C0,func_800D67C0,Not Started,game_code,
0x800D691C,func_800D691C,Not Started,game_code,
0x800D6E00,func_800D6E00,Not Started,game_code,
0x800D6E7C,func_800D6E7C,Not Started,game_code,
0x800D71D0,func_800D71D0,Not Started,game_code,
0x800D7634,func_800D7634,Not Started,game_code,
0x800D7D40,func_800D7D40,Not Started,game_code,
0x800D7DC4,func_800D7DC4,Not Started,game_code,
0x800D7E88,func_800D7E88,Not Started,game_code,
0x800D8184,func_800D8184,Not Started,game_code,
0x800D8C58,func_800D8C58,Not Started,game_code,
0x800D9060,func_800D9060,Not Started,game_code,
0x800D91A0,func_800D91A0,Not Started,game_code,
0x800DA0CC,func_800DA0CC,Not Started,game_code,
0x800DA174,func_800DA174,Not Started,game_code,
0x800DA2D0,func_800DA2D0,Not Started,game_code,
0x800DABDC,func_800DABDC,Not Started,game_code,
0x800DB1E0,func_800DB1E0,Not Started,game_code,
0x800DB758,func_800DB758,Not Started,game_code,
0x800DB7B4,func_800DB7B4,Not Started,game_code,
0x800DB81C,func_800DB81C,Not Started,game_code,
0x800DC248,func_800DC248,Not Started,game_code,
0x800DC3F8,func_800DC3F8,Not Started,game_code,
0x800DC720,func_800DC720,Not Started,game_code,
0x800DC794,func_800DC794,Not Started,game_code,
0x800DC88C,func_800DC88C,Not Started,game_code,
0x800DC99C,func_800DC99C,Not Started,game_code,
0x800DCD1C,func_800DCD1C,Not Started,game_code,
0x800DCD94,func_800DCD94,Not Started,game_code,
0x800DCDF4,func_800DCDF4,Not Started,game_code,
0x800DD0D0,func_800DD0D0,Not Started,game_code,
0x800DD4AC,func_800DD4AC,Not Started,game_code,
0x800DDFAC,func_800DDFAC,Not Started,game_code,
0x800DE20C,func_800DE20C,Not Started,game_code,
0x800DE4DC,func_800DE4DC,Not Started,game_code,
0x800DE868,func_800DE868,Not Started,game_code,
0x800DEBAC,func_800DEBAC,Not Started,game_code,
0x800DEC8C,func_800DEC8C,Not Started,game_code,
0x800DEF68,func_800DEF68,Not Started,game_code,
0x800DFB08,func_800DFB08,Not Started,game_code,
0x800DFBC4,func_800DFBC4,Not Started,game_code,
0x800E0050,func_800E0050,Not Started,game_code,
0x800E05F0,func_800E05F0,Not Started,game_code,
0x800E0B20,func_800E0B20,Not Started,game_code,
0x800E114C,func_800E114C,Not Started,game_code,
0x800E1540,func_800E1540,Not Started,game_code,
0x800E15A8,func_800E15A8,Not Started,game_code,
0x800E1C30,func_800E1C30,Not Started,game_code,
0x800E1F80,func_800E1F80,Not Started,game_code,
0x800E23A4,func_800E23A4,Not Started,game_code,
0x800E2A3C,func_800E2A3C,Not Started,game_code,
0x800E2A64,func_800E2A64,Not Started,game_code,
0x800E2F00,func_800E2F00,Not Started,game_code,
0x800E31D4,func_800E31D4,Not Started,game_code,
0x800E32CC,func_800E32CC,Not Started,game_code,
0x800E3724,func_800E3724,Not Started,game_code,
0x800E398C,func_800E398C,Not Started,game_code,
0x800E451C,func_800E451C,Not Started,game_code,
0x800E4B58,func_800E4B58,Not Started,game_code,
0x800E5444,func_800E5444,Not Started,game_code,
0x800E571C,func_800E571C,Not Started,game_code,
0x800E6824,func_800E6824,Not Started,game_code,
0x800E6AF8,func_800E6AF8,Not Started,game_code,
0x800E7040,func_800E7040,Not Started,game_code,
0x800E7134,func_800E7134,Not Started,game_code,
0x800E73E4,Input_PollPads,Not Started,game_code,
0x800E7710,func_800E7710,Not Started,game_code,
0x800E7808,func_800E7808,Not Started,game_code,
0x800E7914,func_800E7914,Not Started,game_code,
0x800E7980,func_800E7980,Not Started,game_code,
0x800E79F8,func_800E79F8,Not Started,game_code,
0x800E7A98,func_800E7A98,Not Started,game_code,
0x800E7B44,func_800E7B44,Not Started,game_code,
0x800E7C2C,func_800E7C2C,Not Started,game_code,
0x800E7D14,func_800E7D14,Not Started,game_code,
0x800E7FC8,func_800E7FC8,Not Started,game_code,
0x800E847C,func_800E847C,Not Started,game_code,
0x800E8CB8,func_800E8CB8,Not Started,game_code,
0x800E8D50,func_800E8D50,Not Started,game_code,
0x800E8F10,func_800E8F10,Not Started,game_code,
0x800E92C8,func_800E92C8,Not Started,game_code,
0x800E95DC,func_800E95DC,Not Started,game_code,
0x800E9C70,func_800E9C70,Not Started,game_code,
0x800E9E2C,func_800E9E2C,Not Started,game_code,
0x800EA108,func_800EA108,Not Started,game_code,
0x800EA2DC,func_800EA2DC,Not Started,game_code,
0x800EA3F4,func_800EA3F4,Not Started,game_code,
0x800EB028,func_800EB028,Not Started,game_code,
0x800EB690,func_800EB690,Not Started,game_code,
0x800EB90C,func_800EB90C,Not Started,game_code,
0x800EC0DC,func_800EC0DC,Not Started,game_code,
0x800EC2F8,func_800EC2F8,Not Started,game_code,
0x800EC928,func_800EC928,Not Started,game_code,
0x800ECB74,func_800ECB74,Not Started,game_code,
0x800ECC18,func_800ECC18,Not Started,game_code,
0x800ED674,func_800ED674,Not Started,game_code,
0x800ED764,func_800ED764,Not Started,game_code,
0x800ED7B4,func_800ED7B4,Not Started,game_code,
0x800ED804,func_800ED804,Not Started,game_code,
0x800EDACC,func_800EDACC,Not Started,game_code,
0x800EDCE8,func_800EDCE8,Not Started,game_code,
0x800EDDC0,func_800EDDC0,Not Started,game_code,
0x800EE5DC,func_800EE5DC,Not Started,game_code,
0x800EE7C4,func_800EE7C4,Not Started,game_code,
0x800EE820,func_800EE820,Not Started,game_code,
0x800EE88C,func_800EE88C,Not Started,game_code,
0x800EE8B4,func_800EE8B4,Not Started,game_code,
0x800EEA7C,func_800EEA7C,Not Started,game_code,
0x800EEDB0,func_800EEDB0,Not Started,game_code,
0x800EF288,func_800EF288,Not Started,game_code,
0x800EF5B0,func_800EF5B0,Not Started,game_code,
0x800EF62C,func_800EF62C,Not Started,game_code,
0x800EF8F4,func_800EF8F4,Not Started,game_code,
0x800EFEA8,func_800EFEA8,Not Started,game_code,
0x800F0100,func_800F0100,Not Started,game_code,
0x800F0674,func_800F0674,Not Started,game_code,
0x800F084C,func_800F084C,Not Started,game_code,
0x800F091C,func_800F091C,Not Started,game_code,
0x800F0F4C,func_800F0F4C,Not Started,game_code,
0x800F1120,func_800F1120,Not Started,game_code,
0x800F121C,func_800F121C,Not Started,game_code,
0x800F193C,func_800F193C,Not Started,game_code,
0x800F1D04,func_800F1D04,Not Started,game_code,
0x800F20A0,func_800F20A0,Not Started,game_code,
0x800F2720,func_800F2720,Not Started,game_code,
0x800F2890,func_800F2890,Not Started,game_code,
0x800F2A28,func_800F2A28,Not Started,game_code,
0x800F34D8,func_800F34D8,Not Started,game_code,
0x800F42D0,func_800F42D0,Not Started,game_code,
0x800F43D4,func_800F43D4,Not Started,game_code,
0x800F4604,func_800F4604,Not Started,game_code,
0x800F497C,func_800F497C,Not Started,game_code,
0x800F4B8C,func_800F4B8C,Not Started,game_code,
0x800F4D94,func_800F4D94,Not Started,game_code,
0x800F4FEC,func_800F4FEC,Not Started,game_code,
0x800F54C0,func_800F54C0,Not Started,game_code,
0x800F56E0,func_800F56E0,Not Started,game_code,
0x800F5F00,func_800F5F00,Not Started,game_code,
0x800F5F90,func_800F5F90,Not Started,game_code,
0x800F64D4,func_800F64D4,Not Started,game_code,
0x800F68A4,func_800F68A4,Not Started,game_code,
0x800F6934,func_800F6934,Not Started,game_code,
0x800F6AB8,func_800F6AB8,Not Started,game_code,
0x800F733C,UpdateActiveObjects,Not Started,game_code,
0x800F7344,func_800F7344,Not Started,game_code,
0x800F73FC,func_800F73FC,Not Started,game_code,
0x800F7454,func_800F7454,Not Started,game_code,
0x800F7C28,func_800F7C28,Not Started,game_code,
0x800F7E70,func_800F7E70,Not Started,game_code,
0x800F7F44,func_800F7F44,Not Started,game_code,
0x800F8588,func_800F8588,Not Started,game_code,
0x800F8754,func_800F8754,Not Started,game_code,
0x800F87AC,func_800F87AC,Not Started,game_code,
0x800F8B70,func_800F8B70,Not Started,game_code,
0x800F8D9C,func_800F8D9C,Not Started,game_code,
0x800F8EC8,func_800F8EC8,Not Started,game_code,
0x800F93A0,func_800F93A0,Not Started,game_code,
0x800FA9B4,func_800FA9B4,Not Started,game_code,
0x800FAD58,func_800FAD58,Not Started,game_code,
0x800FADE0,func_800FADE0,Not Started,game_code,
0x800FAF6C,func_800FAF6C,Not Started,game_code,
0x800FB234,func_800FB234,Not Started,game_code,
0x800FB2C8,func_800FB2C8,Not Started,game_code,
0x800FBBFC,func_800FBBFC,Not Started,game_code,
0x800FBC30,func_800FBC30,Not Started,game_code,
0x800FBC38,func_800FBC38,Not Started,game_code,
0x800FBF2C,func_800FBF2C,Not Started,game_code,
0x800FBF88,func_800FBF88,Not Started,game_code,
0x800FBF90,func_800FBF90,Not Started,game_code,
0x800FBFE4,func_800FBFE4,Not Started,game_code,
0x800FC038,func_800FC038,Not Started,game_code,
0x800FC0EC,func_800FC0EC,Not Started,game_code,
0x800FC228,func_800FC228,Not Started,game_code,
0x800FC25C,func_800FC25C,Not Started,game_code,
0x800FC89C,func_800FC89C,Not Started,game_code,
0x800FC960,func_800FC960,Not Started,game_code,
0x800FCA00,func_800FCA00,Not Started,game_code,
0x800FCDF8,func_800FCDF8,Not Started,game_code,
0x800FD024,func_800FD024,Not Started,game_code,
0x800FD238,func_800FD238,Not Started,game_code,
0x800FD240,func_800FD240,Not Started,game_code,
0x800FD464,func_800FD464,Not Started,game_code,
0x800FD7E8,func_800FD7E8,Not Started,game_code,
0x800FD8DC,func_800FD8DC,Not Started,game_code,
0x800FD9F8,func_800FD9F8,Not Started,game_code,
0x800FDF94,func_800FDF94,Not Started,game_code,
0x800FE08C,func_800FE08C,Not Started,game_code,
0x800FE4BC,func_800FE4BC,Not Started,game_code,
0x800FE520,func_800FE520,Not Started,game_code,
0x800FE5B0,func_800FE5B0,Not Started,game_code,
0x800FE7A4,func_800FE7A4,Not Started,game_code,
0x800FE848,func_800FE848,Not Started,game_code,
0x800FE924,func_800FE924,Not Started,game_code,
0x800FEA08,func_800FEA08,Not Started,game_code,
0x800FEC60,func_800FEC60,Not Started,game_code,
0x800FECA4,func_800FECA4,Not Started,game_code,
0x800FEE04,func_800FEE04,Not Started,game_code,
0x800FF298,func_800FF298,Not Started,game_code,
0x800FF724,func_800FF724,Not Started,game_code,
0x800FFDF8,func_800FFDF8,Not Started,game_code,
0x80100564,func_80100564,Not Started,game_code,
0x80100B8C,func_80100B8C,Not Started,game_code,
0x80100D30,func_80100D30,Not Started,game_code,
0x80100E60,func_80100E60,Not Started,game_code,
0x8010190C,func_8010190C,Not Started,game_code,
0x80101D8C,func_80101D8C,Not Started,game_code,
0x8010221C,func_8010221C,Not Started,game_code,
0x80102450,func_80102450,Not Started,game_code,
0x80102988,func_80102988,Not Started,game_code,
0x80102F30,func_80102F30,Not Started,game_code,
0x80103D28,func_80103D28,Not Started,game_code,
0x80104704,func_80104704,Not Started,game_code,
0x80104B14,func_80104B14,Not Started,game_code,
0x80105480,func_80105480,Not Started,game_code,
0x80105B74,func_80105B74,Not Started,game_code,
0x80105DB0,func_80105DB0,Not Started,game_code,
0x80105EA8,func_80105EA8,Not Started,game_code,
0x80106874,func_80106874,Not Started,game_code,
0x80106B3C,func_80106B3C,Not Started,game_code,
0x80106D94,func_80106D94,Not Started,game_code,
0x801073D8,func_801073D8,Not Started,game_code,
0x8010761C,func_8010761C,Not Started,game_code,
0x80107AF4,func_80107AF4,Not Started,game_code,
0x80107EDC,func_80107EDC,Not Started,game_code,
0x80108154,func_80108154,Not Started,game_code,
0x801084D4,func_801084D4,Not Started,game_code,
0x80108AB0,func_80108AB0,Not Started,game_code,
0x80108DA8,func_80108DA8,Not Started,game_code,
0x80108F40,func_80108F40,Not Started,game_code,
0x80109468,func_80109468,Not Started,game_code,
0x80109A60,func_80109A60,Not Started,game_code,
0x80109F5C,func_80109F5C,Not Started,game_code,
0x8010A53C,func_8010A53C,Not Started,game_code,
0x8010A7AC,func_8010A7AC,Not Started,game_code,
0x8010A8D0,func_8010A8D0,Not Started,game_code,
0x8010AEAC,func_8010AEAC,Not Started,game_code,
0x8010B528,func_8010B528,Not Started,game_code,
0x8010B560,func_8010B560,Not Started,game_code,
0x8010B5D0,func_8010B5D0,Not Started,game_code,
0x8010B7FC,func_8010B7FC,Not Started,game_code,
0x8010B9C8,func_8010B9C8,Not Started,game_code,
0x8010BC84,func_8010BC84,Not Started,game_code,
0x8010C02C,func_8010C02C,Not Started,game_code,
0x8010C450,func_8010C450,Not Started,game_code,
0x8010C590,func_8010C590,Not Started,game_code,
0x8010C6D0,func_8010C6D0,Not Started,game_code,
0x8010C7F4,func_8010C7F4,Not Started,game_code,
0x8010C974,func_8010C974,Not Started,game_code,
0x8010D3C0,func_8010D3C0,Not Started,game_code,
0x8010D680,func_8010D680,Not Started,game_code,
0x8010D85C,func_8010D85C,Not Started,game_code,
0x8010D9CC,func_8010D9CC,Not Started,game_code,
0x8010DAF8,func_8010DAF8,Not Started,game_code,
0x8010DBB8,func_8010DBB8,Not Started,game_code,
0x8010DCFC,func_8010DCFC,Not Started,game_code,
0x8010DF90,func_8010DF90,Not Started,game_code,
0x8010E0FC,func_8010E0FC,Not Started,game_code,
0x8010E4EC,func_8010E4EC,Not Started,game_code,
0x8010E69C,func_8010E69C,Not Started,game_code,
0x8010E72C,func_8010E72C,Not Started,game_code,
0x8010E828,func_8010E828,Not Started,game_code,
0x8010E8B4,func_8010E8B4,Not Started,game_code,
0x8010EA14,func_8010EA14,Not Started,game_code,
0x8010F218,func_8010F218,Not Started,game_code,
0x8010FBB4,func_8010FBB4,Not Started,game_code,
0x8010FBF4,func_8010FBF4,Not Started,game_code,
0x8010FC80,func_8010FC80,Not Started,game_code,
0x8010FCC0,func_8010FCC0,Not Started,game_code,
0x8010FD1C,func_8010FD1C,Not Started,game_code,
